index,start,end,size,name,status,reachable,callers,callees,evidence
0,0x8070,0x8080,0x10,module DSO finalizer wrapper,recovered,no,0,0,BTI entry computes the image DSO handle and tail-calls __cxa_finalize; represented by callback-driven C++ runtime operations
1,0x8080,0x8088,0x8,module no-op callback,recovered,no,1,0,BTI plus RET has no observable source-level effect
2,0x8088,0x8090,0x8,module no-op callback tail alias,recovered,no,0,1,BTI plus unconditional branch to 0x8080 represented by the shared no-op C++ callback
3,0x8090,0x80a4,0x14,nullable module exit-callback dispatcher,recovered,no,0,0,"null callback returns; non-null callback is tail-invoked with no argument mutation, recovered in direct C++"
4,0x80a4,0x80c0,0x1c,module __cxa_atexit registration wrapper,recovered,no,0,0,registers 0x8090 with the incoming callback as argument and the image DSO handle; registration return is preserved in callback-driven C++
5,0x80c0,0x80f4,0x34,correction 0x2b and flag-bit-0 helper,recovered,yes,1,1,writes correction 0x2b then ORs context+0xe0 with 1 in C++
6,0x80f4,0x8128,0x34,correction 0x39 and flag-bit-0 helper,recovered,yes,1,1,writes correction 0x39 then ORs context+0xe0 with 1 in C++
7,0x8128,0x8ad4,0x9ac,client_sdk current-thread stack gate,recovered,yes,1,7,"caller/runtime-supplied Map client_sdk and current-thread stack strings; fixed Android marker, 4.38.2/5.0.0 boundary records, three original marker payload strings and max 20; exact status short-circuit, correction 0x2b/0x39, final 0x0200080000000000 mask and stack-array/client-sdk cleanup recovered cross-ABI in callback-driven C++"
8,0x8ad4,0x8aec,0x18,detector context flag-mask 0x0200080000000000,recovered,no,0,0,"context+0xe0 load, MOV/MOVK mask materialization, OR, store and return recovered in the shared address-to-mask C++ leaf table"
9,0x8af4,0xa334,0x1840,reserved Map value JNI materializer,recovered,yes,1,2,"exact case-sensitive secret_id/headers_id/native_version mapping to 1400000/9/3.67.0, miss no-op, NewStringUTF publication-before-exception, status 34 and null-result success recovered with static ARM64 interpretation"
10,0xa334,0xaf3c,0xc08,native result metadata cleanup,recovered,yes,2,2,clears context+0x18; unconditionally removes four metadata keys with exact status overwrite/preservation modeled in C++
11,0xaf3c,0xcde4,0x1ea8,JNI result byte-array and metadata builder,recovered,yes,1,5,"byte-array creation/copy, flattened four-put order, per-stage status branch, rollback and success return recovered in C++"
12,0xcde4,0xd184,0x3a0,context+0x108 string-consistency stage,recovered,yes,1,4,"15000ms timing pair, producer status 0x34, byte mismatch 0x09, final mask and unconditional free recovered in C++"
13,0xd184,0xd428,0x2a4,realtime threshold comparison,recovered,yes,7,0,"CLOCK_REALTIME/-ENOSYS fallback, millisecond normalization, baseline and strict-threshold byte mutation recovered in C++"
14,0xd428,0xd45c,0x34,cmdline missing/empty wrapper,recovered,yes,2,1,correction 0x34
15,0xd45c,0xd474,0x18,context flag-mask 0x0010000000000200,recovered,yes,1,0,single load/OR/store leaf recovered in C++
16,0xd474,0xd980,0x50c,public-source linked-list check,recovered,yes,1,5,"15000ms timing, list producer, corrections 0x37/0x29, node traversal, final mask and head cleanup recovered in C++"
17,0xd980,0xd9b4,0x34,correction 0x37 and flag-bit-0 helper,recovered,yes,2,1,writes correction 0x37 then ORs context+0xe0 with 1 in C++
18,0xd9b4,0xd9cc,0x18,context flag-mask 0x0080020000000000,recovered,yes,1,0,single load/OR/store leaf recovered in C++
19,0xd9cc,0xddc4,0x3f8,SHA-1 candidate digest comparator,recovered,yes,1,3,"candidate+0x10 length/data descriptor, null-data false path, SHA-1 and exact 20-byte context+0xf0 comparison recovered in C++"
20,0xddc4,0xe674,0x8b0,public-source digest validation stage,recovered,yes,1,6,"parser status 0x38, candidate order +0x38/+0x28/+0x18, any-match acceptance, 0x2a mismatch, final mask and destructor recovered in C++"
21,0xe674,0xe6a8,0x34,correction 0x38 and flag-bit-0 helper,recovered,yes,2,1,writes correction 0x38 then ORs context+0xe0 with 1 in C++
22,0xe6a8,0xe6c0,0x18,context flag-mask 0x0100040000000000,recovered,yes,1,0,single load/OR/store leaf recovered in C++
23,0xe6c0,0xf1c8,0xb08,supplied/expected Java-HMAC comparator,recovered,yes,1,8,"direct C++ preserves three 15000ms probes, API-key/toString/getBytes/Mac/supplied-copy ordering, exact compare, correction 0x07, fail-open result and reverse JNI cleanup; direct branch regression and 14-job parity pass"
24,0xf1c8,0xf1fc,0x34,correction 0x33 and flag-bit-0 helper,recovered,yes,1,1,writes correction 0x33 then ORs context+0xe0 with 1
25,0xf1fc,0xf214,0x18,context flag-mask helper,recovered,yes,1,0,ORs context+0xe0 with 0x0008000000000080
26,0xf214,0xf224,0x10,context stage-complete flag helper,recovered,no,0,0,ORs context+0xe0 with 0x20
27,0xf224,0xf328,0x104,timing correction gate,recovered,yes,1,1,low byte at context+0x08 controls correction 0x05 and flag bit 0; always sets flag 0x20
28,0xf328,0xfce0,0x9b8,environment stage dispatcher,recovered,yes,1,17,"sole-entry flattened CFG reduced to seven ordered probes plus 0xfce0; scratch ownership, thresholds, corrections 01/02/03/08/28/2c/1f, seven timing probes, success/failure return, unconditional fallback and cleanup implemented and regression-tested in C++"
29,0xfce0,0x12a30,0x2d50,environment stage-1 emulator/automation initializer,recovered,yes,1,6,"24 one-time marker decoders represented as immutable plaintext, direct 14-stage fanout, fixed-field correction 0x19, dynamic-slot correction 0x0c, 0.8 score contributions, score>=0.8 ordered correction commit and flag-bit mutation, nested 0x13044 mask stage and status==0 return recovered in direct C++"
30,0x12a30,0x13000,0x5d0,13-predicate post-detector aggregator,recovered,yes,1,14,"same scratch pointer forwarded through fixed 4d9bc/59658/5a8e0/5c6d8/5f900/615d8/6a4e0/6c590/6dbbc/6f758/76f2c/77f7c/78f68 order, first-true short circuit, correction 0x21 plus flag bit zero on hit and unconditional flag bit 33 recovered with static state-machine interpretation and C++ regression"
31,0x13000,0x13044,0x44,context fallback mask stage,recovered,yes,2,1,"ordered masks 0x00001181c000010e, nested 0x13044, then bit 33 recovered in C++"
32,0x13044,0x13078,0x34,nested context mask stage,recovered,yes,2,1,calls 0x7bb98 then ORs 0x02001000 in C++
33,0x13078,0x13088,0x10,context flag bit-33 leaf,recovered,no,0,0,ORs context+0xe0 with 0x0000000200000000 in C++
34,0x13088,0x13dc4,0xd3c,sub_13088,unknown,yes,1,6,not yet assigned semantic role
35,0x13dc4,0x13dc8,0x4,correction 0x32 tail alias,recovered,no,0,1,single unconditional tail branch to 0x14380 represented by a source-level C++ entry
36,0x13dc8,0x14078,0x2b0,packed-transition filtered record stage,recovered,yes,1,5,"kind-10 record filtering, 0x34bf4 uint16 match gate to correction 0x04, success-only 15000ms timing, allocation-failure correction 0x32, unconditional 0x0004000000000010 mask, temporary-array free and status-zero return recovered cross-ABI in C++"
37,0x14078,0x14338,0x2c0,fixed-loopback filtered record stage,recovered,yes,1,5,"kind-10 record filtering, 0x34954 uint16 match gate to correction 0x0a, success-only 15000ms timing, allocation-failure correction 0x32, unconditional 0x0004000000000400 mask, temporary-array free and status-zero return recovered cross-ABI in C++"
38,0x14338,0x14350,0x18,context flag-mask 0x0004000000000410,recovered,no,0,0,single load/OR/store leaf represented in C++
39,0x14350,0x14368,0x18,context flag-mask 0x0004000000000010,recovered,no,0,0,single load/OR/store leaf represented in C++
40,0x14368,0x14380,0x18,context flag-mask 0x0004000000000400,recovered,no,0,0,single load/OR/store leaf represented in C++
41,0x14380,0x143b4,0x34,correction 0x32 and flag-bit-0 helper A,recovered,yes,3,1,fixed correction write followed by context+0xe0 bit zero represented in C++
42,0x143b4,0x143e8,0x34,correction 0x32 and flag-bit-0 helper B,recovered,yes,1,1,second distinct FDE with the same fixed correction and flag mutation represented in C++
43,0x143e8,0x14e10,0xa28,environment dispatcher,recovered,yes,2,11,"fixed d78b8/db410/13063c/1309cc/1311f0 order, per-probe status resets, result/status corrections 22/35/23/36/25/2d/3a/2e, duplicate-3a suppression and unconditional final mask recovered by full ARM64 state-machine interpretation and callback-driven C++"
44,0x14e10,0x14e44,0x34,correction 0x35 and flag-bit-0 helper,recovered,yes,1,1,fixed correction write followed by context+0xe0 bit zero represented in C++
45,0x14e44,0x14e78,0x34,correction 0x36 and flag-bit-0 helper,recovered,yes,1,1,fixed correction write followed by context+0xe0 bit zero represented in C++
46,0x14e78,0x14eac,0x34,correction 0x3a and flag-bit-0 helper A,recovered,yes,1,1,fixed correction write followed by context+0xe0 bit zero represented in C++
47,0x14eac,0x14ee0,0x34,correction 0x3a and flag-bit-0 helper B,recovered,yes,1,1,second distinct FDE with the same fixed correction and flag mutation represented in C++
48,0x14ee0,0x14ef8,0x18,context flag-mask 0x0460603c00000000,recovered,no,0,0,single load/OR/store leaf represented in C++
49,0x14ef8,0x150b8,0x1c0,ART/linker stat post-stage,recovered,yes,1,3,"correction 0x2f on true result, correction 0x3b on nonzero status, then fixed context mask recovered in C++"
50,0x150b8,0x150ec,0x34,correction 0x3b and flag-bit-0 helper,recovered,yes,1,1,writes correction 0x3b then ORs context+0xe0 with 1 in C++
51,0x150ec,0x15104,0x18,context flag-mask 0x0800800000000000,recovered,no,0,0,single load/OR/store leaf recovered in C++
52,0x15104,0x16b64,0x1a60,sub_15104,unknown,yes,1,4,not yet assigned semantic role
53,0x16b64,0x16b74,0x10,detector context flag-mask 0x1000000000000000,recovered,no,0,0,single context+0xe0 load/OR/store leaf recovered in the shared address-to-mask C++ table
54,0x16b7c,0x1709c,0x520,context+0x108 owned-string producer,recovered,yes,1,3,"Java string/UTF acquisition, wrapping malloc, NUL/copy, status 2, release and local-ref cleanup recovered in C++"
55,0x1709c,0x179f8,0x95c,/proc/self/cmdline owned-string producer,recovered,yes,1,1,"cross-ABI XOR-once fixed OS path, caller-supplied access/openat/read/close/allocation/memory operations, 4095-byte read, statuses 8/12/2, close-before-result gate, wrapping signed-read conversion, terminator-before-copy, late output publication and original negative-read memory-corruption boundary recovered in callback-driven C++"
56,0x179f8,0x18540,0xb48,context+0x110 publicSourceDir string producer,recovered,yes,1,7,"NewStringUTF/object chain, atomic XOR-once field decode, statuses 34/15/2, UTF copy and four-ref cleanup recovered in C++"
57,0x18540,0x1dbd8,0x5698,proc-maps public-source list producer,recovered,yes,1,2,"direct C++ producer preserves access/fopen status 8, fgets/sscanf loop, apk/package predicate, calloc status 2, append-before-strdup ownership, strdup status 2 and unconditional fclose"
58,0x1dbd8,0x1dde0,0x208,owned string-list destructor,recovered,yes,1,0,"16-byte {head,tailSlot} owner, value-before-node free order and empty invariant restoration recovered in C++"
59,0x1dde0,0x1e578,0x798,JNI API-dependent PackageInfo certificate-array selector,recovered,yes,1,8,"signed Android API <28 path uses getPackageInfo flag 0x40, explicitly publishes hasMultipleSigners false and reads PackageInfo.signatures; API >=28 uses flag 0x08000000, PackageInfo.signingInfo, hasMultipleSigners and selects getApkContentsSigners or getSigningCertificateHistory; exact child status short-circuit, caller-owned Signature[] transfer, unchanged early-failure outputs and SigningInfo -> PackageInfo -> PackageManager -> packageName local-ref cleanup recovered cross-ABI in C++"
60,0x1e578,0x1f058,0xae0,JNI certificate Signature[0] SHA1 materializer,recovered,yes,1,9,"certificate selector -> GetObjectArrayElement index zero -> Signature.toByteArray -> MessageDigest.getInstance(SHA1) -> update -> no-arg digest -> GetByteArrayElements flow, status 28 for element failure and 20 for non-20-byte digest, exact 16+4 byte publication, release-before-cleanup, MessageDigest/certificate byte[]/digest byte[]/Signature[] cleanup and original omitted Signature-element delete recovered cross-ABI in C++ with fresh dynamic ownership evidence"
61,0x1f058,0x1f95c,0x904,QEMU/Genymotion socket-path probe,recovered,yes,1,2,"cross-ABI XOR-once /dev/socket/qemud, /dev/qemu_pipe, /dev/socket/genyd and /dev/socket/baseband_genyd constants, two ordered two-path calls to recovered 0x1f95c, shared incoming uint16 accumulation with modulo wrap and environment-stage nonzero correction-0x01 gate recovered in direct C++"
62,0x1f95c,0x1fae4,0x188,path-existence array counter,recovered,yes,3,1,"exact count-bounded pointer walk, 0xd7890 predicate call, match-only uint16 increment and modulo-2^16 wrap implemented and regression-tested in C++"
63,0x1fae4,0x21c34,0x2150,sub_1fae4,unknown,yes,1,2,not yet assigned semantic role
64,0x21c34,0x23274,0x1640,sub_21c34,unknown,yes,1,3,not yet assigned semantic role
65,0x23274,0x23730,0x4bc,readable-file descriptor batch,recovered,yes,2,2,"0x100 record layout, reused 0x801 buffer, per-record first-0x800 clear, readable-file gate, ordered 0x23730 matching, first-match uint16 increment/wrap and read-failure skip implemented and regression-tested in C++"
66,0x23730,0x24444,0xd14,descriptor predicate dispatcher,recovered,yes,4,6,all kinds constant-propagated and implemented: 0 ASCII-CI equality; 1 ASCII-CI prefix; 2 ASCII-CI suffix; 3 ASCII-CI substring; 4 case-sensitive equality; 5 naive case-sensitive substring; 6 case-sensitive suffix; 7 optimized case-sensitive substring; 8 non-null non-empty argument-zero predicate independent of descriptor
67,0x24444,0x24860,0x41c,system-property descriptor-record batch matcher,recovered,yes,4,2,"0x100 record layout, ignored 0xd4678 return, 0x5c zeroed property buffer, ordered descriptor/kind traversal through 0x23730, first-match per-record short circuit and uint16 wrap implemented and regression-tested in C++"
68,0x24860,0x25068,0x808,VirtualBox DMI file-content probe,recovered,yes,1,2,"cross-ABI XOR-once product_name/VirtualBox and sys_vendor/innotek pairs, two exact 0x100 records with kind-3 substring and descriptorCount one, recordCount two forwarding to recovered 0x23274, shared incoming uint16 accumulation and flattened caller count flow recovered in direct C++"
69,0x25068,0x26de0,0x1d78,sub_25068,unknown,yes,1,2,not yet assigned semantic role
70,0x26de0,0x2c618,0x5838,sub_26de0,unknown,yes,1,2,not yet assigned semantic role
71,0x2c618,0x2cc9c,0x684,Raspberry manufacturer system-property probe,recovered,yes,1,2,"cross-ABI XOR-once ro.product.manufacturer, ro.product.vendor.manufacturer and raspberry strings; two kind-3 descriptor records forwarded to 0x24444 with fixed count 2, zeroed uint16 match count and count!=0 boolean return; caller correction 0x28 recovered in direct C++"
72,0x2cc9c,0x2e1d4,0x1538,minical/vcloud/Scorpio system-property probe,recovered,yes,1,2,"cross-ABI XOR-once manufacturer/vendor/model/display property strings and minical/vcloud/Scorpio_rt OS markers; five kind-3 descriptor records forwarded to 0x24444 with fixed count 5, zeroed uint16 match count and count!=0 boolean return; caller correction 0x2c recovered in direct C++"
73,0x2e1d4,0x34820,0x664c,sub_2e1d4,unknown,yes,1,2,not yet assigned semantic role
74,0x34820,0x34954,0x134,packed low-24 transition predicate,recovered,yes,1,0,"low 24 bits must match, second high byte must equal 1 and first high byte must differ from 1; recovered cross-ABI from ARM64 0x34820 and x86_64 0x32955 with direct C++ and truth-table regression"
75,0x34954,0x34bf4,0x2a0,detector record cross-match counter,recovered,yes,1,0,nested pointer-array scan counts matching +0x10 keys only when first-array record +0x28 equals 1 and +0x08 equals 0x0100007f; duplicate multiplicity and uint16 wrap recovered cross-ABI in direct C++
76,0x34bf4,0x34f9c,0x3a8,detector packed-transition cross-match counter,recovered,yes,1,1,"nested +0x10 key match, first-record +0x28==1 gate and low-32 +0x08/+0x18 forwarding to recovered 0x34820; duplicate multiplicity and uint16 wrap recovered cross-ABI in direct C++"
77,0x34f9c,0x352d4,0x338,detector record pointer filter,recovered,yes,2,0,"calloc(count,8), ordered +0x08/+0x18/+0x20 non-null and +0x28==10 selection, allocation status 2, success publication and input-order preservation implemented and regression-tested in C++"
78,0x352d4,0x36bfc,0x1928,three-field build-identity predicate,recovered,yes,2,2,"ordered scratch+0x10/+0x18/+0x20 checks against android, Android-SDK-build and generic-x86 marker pairs through 0x36bfc, null skipping and first-match short circuit recovered in direct C++"
79,0x36bfc,0x37340,0x744,two-marker ASCII case-insensitive range equality helper,recovered,yes,1,0,"zero-length/null-table rejection, exact caller-supplied byte-range comparison against two marker strings, ASCII A-Z folding, first-match return and range-length boundary recovered with static instruction interpretation"
80,0x37340,0x40c70,0x9930,sub_37340,unknown,no,0,4,not yet assigned semantic role
81,0x40c70,0x40fec,0x37c,generic substring detector and correction 0x0b,recovered,yes,1,2,"scratch+0x30, once-decoded generic marker, case-sensitive substring predicate, 0.3 score update and append-at-count correction 0x0b recovered in direct C++"
82,0x40fec,0x40ffc,0x10,detector context flag-mask 0x0000000000000800,recovered,no,0,0,single context+0xe0 load/OR/store leaf recovered in the shared address-to-mask C++ table
83,0x40ffc,0x418d8,0x8dc,google_sdk substring detector and correction 0x0d,recovered,yes,1,1,"scratch+0x18, once-decoded google_sdk marker, overlapping ASCII case-insensitive substring scan, restart-at-next-start behavior, score-to-1 and append-at-count correction 0x0d recovered in direct C++"
84,0x418d8,0x418e8,0x10,detector context flag-mask 0x0000000000002000,recovered,no,0,0,single context+0xe0 load/OR/store leaf recovered in the shared address-to-mask C++ table
85,0x418e8,0x421cc,0x8e4,emulator substring detector and correction 0x0e,recovered,yes,1,1,"scratch+0x18, once-decoded emulator marker, overlapping ASCII case-insensitive substring scan, restart-at-next-start behavior, score-to-1 and append-at-count correction 0x0e recovered in direct C++"
86,0x421cc,0x421dc,0x10,detector context flag-mask 0x0000000000004000,recovered,no,0,0,single context+0xe0 load/OR/store leaf recovered in the shared address-to-mask C++ table
87,0x421dc,0x42eb0,0xcd4,four-build-marker descriptor detector and correction 0x0f,recovered,yes,1,2,"scratch+0x18, four decoded android-sdk-built-for markers, zero-kind descriptor array, 0x42eb0 any-match, fixed kind-zero 0x23730 full-string ASCII-CI equality route, score-to-1 and correction 0x0f recovered in direct C++"
88,0x42eb0,0x430f4,0x244,paired descriptor any-match wrapper,recovered,yes,2,1,"pointer-array null gate, paired pointer/uint32 indexed forwarding to 0x23730, first-true short circuit and exhausted false return recovered with callback regression"
89,0x430f4,0x43104,0x10,detector context flag-mask 0x0000000000008000,recovered,no,0,0,single context+0xe0 load/OR/store leaf recovered in the shared address-to-mask C++ table
90,0x43104,0x43998,0x894,goldfish substring detector and correction 0x10,recovered,yes,1,1,"scratch+0x40, once-decoded goldfish marker, overlapping ASCII case-insensitive substring scan, score-to-1 and append-at-count correction 0x10 recovered in direct C++"
91,0x43998,0x439a8,0x10,detector context flag-mask 0x0000000000010000,recovered,no,0,0,single context+0xe0 load/OR/store leaf recovered in the shared address-to-mask C++ table
92,0x439a8,0x442dc,0x934,vbox86 field-40 substring detector and correction 0x11,recovered,yes,1,1,"scratch+0x40, once-decoded vbox86 marker, overlapping ASCII case-insensitive substring scan, score-to-1 and append-at-count correction 0x11 recovered in direct C++"
93,0x442dc,0x442ec,0x10,detector context flag-mask 0x0000000000020000,recovered,no,0,0,single context+0xe0 load/OR/store leaf recovered in the shared address-to-mask C++ table
94,0x442ec,0x44c28,0x93c,vbox86 field-20 substring detector and correction 0x12,recovered,yes,1,1,"scratch+0x20, shared once-decoded vbox86 marker, overlapping ASCII case-insensitive substring scan, score-to-1 and append-at-count correction 0x12 recovered in direct C++"
95,0x44c28,0x44c38,0x10,detector context flag-mask 0x0000000000040000,recovered,no,0,0,single context+0xe0 load/OR/store leaf recovered in the shared address-to-mask C++ table
96,0x44c38,0x44da0,0x168,detector predicate wrapper and correction 0x13,recovered,yes,1,1,"null input gate, one 0x352d4 predicate call, false no-op and true score-to-1 plus append-at-count correction 0x13 recovered with direct callback regression"
97,0x44da0,0x44db0,0x10,detector context flag-mask 0x0000000000080000,recovered,no,0,0,single context+0xe0 load/OR/store leaf recovered in the shared address-to-mask C++ table
98,0x44db0,0x456a8,0x8f8,android_x86 substring detector and correction 0x14,recovered,yes,1,1,"scratch+0x40, once-decoded android_x86 marker, overlapping ASCII case-insensitive substring scan, score-to-1 and append-at-count correction 0x14 recovered in direct C++"
99,0x456a8,0x456b8,0x10,detector context flag-mask 0x0000000000100000,recovered,no,0,0,single context+0xe0 load/OR/store leaf recovered in the shared address-to-mask C++ table
100,0x456b8,0x47778,0x20c0,fingerprint descriptor detector and correction 0x15,recovered,yes,1,2,"scratch+0x00, eleven XOR-decoded markers with exact kind tags 0/1/3, 0x42eb0 any-match, recovered 0x23730 routes, native score-count-correction store order and correction 0x15 recovered in direct C++"
101,0x47778,0x47788,0x10,detector context flag-mask 0x0000000000200000,recovered,no,0,0,single context+0xe0 load/OR/store leaf recovered in the shared address-to-mask C++ table
102,0x47788,0x47f84,0x7fc,generic either-field detector and correction 0x16,recovered,yes,1,2,"ordered scratch+0x10 then +0x20 case-sensitive generic substring checks, first-match short circuit, shared once-decoded marker, score-to-1 and correction 0x16 recovered in direct C++"
103,0x47f84,0x47f94,0x10,detector context flag-mask 0x0000000000400000,recovered,no,0,0,single context+0xe0 load/OR/store leaf recovered in the shared address-to-mask C++ table
104,0x47f94,0x490e0,0x114c,google-phone marker detector and correction 0x17,recovered,yes,1,2,"scratch+0x30, inlined overlapping ASCII-CI sdk_google_phone_arm search followed by two ordered kind-one ASCII-CI prefix checks, native count-correction-score store order and correction 0x17 recovered in direct C++"
105,0x490e0,0x490f0,0x10,detector context flag-mask 0x0000000000800000,recovered,no,0,0,single context+0xe0 load/OR/store leaf recovered in the shared address-to-mask C++ table
106,0x490f0,0x4afd4,0x1ee4,three-field iTools equality detector and correction 0x18,recovered,yes,1,1,"scratch+0x08/+0x18/+0x20 ordered full-string ASCII-CI equality against XOR-decoded itools marker, prefix/suffix rejection, native count-correction-score store order and correction 0x18 recovered in direct C++"
107,0x4afd4,0x4afe4,0x10,detector context flag-mask 0x0000000001000000,recovered,no,0,0,single context+0xe0 load/OR/store leaf recovered in the shared address-to-mask C++ table
108,0x4afe4,0x4afe8,0x4,detector no-op return leaf A,recovered,no,0,0,standalone four-byte FDE contains only RET and is represented by the shared C++ no-op leaf
109,0x4afe8,0x4afec,0x4,detector no-op return leaf B,recovered,no,0,0,standalone four-byte FDE contains only RET and is represented by the shared C++ no-op leaf
110,0x4afec,0x4aff0,0x4,detector no-op return leaf C,recovered,no,0,0,standalone four-byte FDE contains only RET and is represented by the shared C++ no-op leaf
111,0x4aff0,0x4b000,0x10,detector context flag-mask 0x0000000020000000,recovered,no,0,0,single context+0xe0 load/OR/store leaf recovered in the shared address-to-mask C++ table
112,0x4b000,0x4b010,0x10,detector context flag-mask 0x0000000004000000,recovered,no,0,0,single context+0xe0 load/OR/store leaf recovered in the shared address-to-mask C++ table
113,0x4b010,0x4b020,0x10,detector context flag-mask 0x0000000008000000,recovered,no,0,0,single context+0xe0 load/OR/store leaf recovered in the shared address-to-mask C++ table
114,0x4b020,0x4d9ac,0x298c,two-field Apple/iPhone substring detector and correction 0x1c,recovered,yes,1,1,"scratch+0x10 then +0x20, ordered overlapping ASCII-CI substring scans for XOR-decoded apple/iphone markers, null skipping and first-match short circuit, native count-score-correction store order and correction 0x1c recovered in direct C++"
115,0x4d9ac,0x4d9bc,0x10,detector context flag-mask 0x0000000010000000,recovered,no,0,0,single context+0xe0 load/OR/store leaf recovered in the shared address-to-mask C++ table
116,0x4d9bc,0x58498,0xaadc,GreatFruit/Google sensor-pair predicate,recovered,yes,1,2,"eight exact ordered sensor/vendor pairs forwarded to recovered 0x58498 with count 8; raw marker decoding, table order and unchanged helper boolean return proven by static wrapper interpretation"
117,0x58498,0x59658,0x11c0,ordered detector string-pair array equality,recovered,yes,8,0,"non-null scratch/table, exact pair-count equality, ordered scratch+0x70/+0x78 pairs, non-null elements and full-string ASCII-CI equality recovered with static instruction interpretation and direct C++"
118,0x59658,0x5a8e0,0x1288,microvirt dynamic-pair substring predicate,recovered,yes,1,1,iterates 16-byte scratch+0x70/+0x78 pairs up to count at +0x870; both strings in one slot must contain XOR-0x1d microvirt under overlapping ASCII-CI matching; null/nonmatching slots skip and first complete pair succeeds
119,0x5a8e0,0x5c6d8,0x1df8,Tiantian sensor-pair predicate,recovered,yes,1,2,TiantianVM Accelerometer/TianTian exact pair forwarded to recovered 0x58498 with count 1 and unchanged boolean return
120,0x5c6d8,0x5f900,0x3228,seven physical sensor-pair predicate,recovered,yes,1,2,seven exact Invensense/AOSP/STMicroelectronics/AKM/Qualcomm sensor pairs forwarded to recovered 0x58498; table order/count 7 and unchanged boolean return proven statically
121,0x5f900,0x615d8,0x1cd8,Goldfish three-sensor predicate,recovered,yes,1,2,three Goldfish accelerometer/gyroscope/orientation pairs with Android Open Source Project vendor forwarded to recovered 0x58498 count 3
122,0x615d8,0x6a4e0,0x8f08,MPU/Orientaion two-sensor predicate,recovered,yes,1,2,MPU6515 Accelerometer/InvenSense and native-typo Orientaion/Qualcomm pairs forwarded to recovered 0x58498 count 2
123,0x6a4e0,0x6c590,0x20b0,Goldfish two-sensor subset predicate,recovered,yes,1,2,Goldfish accelerometer and orientation pairs with Android Open Source Project vendor forwarded to recovered 0x58498 count 2
124,0x6c590,0x6dbbc,0x162c,Genymotion sensor-pair predicate,recovered,yes,1,2,"one expected pair Genymotion Accelerometer/Genymobile, raw XOR marker decoding and exact ordered pair-array match through recovered 0x58498 implemented in direct C++"
125,0x6dbbc,0x6f758,0x1b9c,leapdroid substring predicate,recovered,yes,1,1,"scratch+0x58 pointer, XOR-0xb7 leapdroid marker, overlapping ASCII case-insensitive substring behavior, null/empty rejection and prefix/suffix containment recovered with static instruction interpretation and direct C++"
126,0x6f758,0x76f2c,0x77d4,open-source two-sensor predicate,recovered,yes,1,2,Acceleration sensor/Acceleration Sensor Open Source Project and Compass Magnetic field sensor/Compass Sensor Open Source Project pairs forwarded to recovered 0x58498 count 2
127,0x76f2c,0x77f7c,0x1050,haima substring predicate,recovered,yes,1,1,"scratch+0x20, XOR-0x80 haima marker, overlapping ASCII case-insensitive substring behavior, null/empty rejection and prefix/suffix containment recovered with static instruction interpretation and direct C++"
128,0x77f7c,0x78f68,0xfec,vmos substring predicate,recovered,yes,1,1,"scratch+0x08, XOR-0x5b vmos marker, overlapping ASCII case-insensitive substring behavior, null/empty rejection and prefix/suffix containment recovered with static instruction interpretation and direct C++"
129,0x78f68,0x7ba5c,0x2af4,paired device/build substring predicate,recovered,yes,1,1,"scratch+0x20 must contain HWEVA, eva-al00 or zerofltezc and scratch+0x30 must contain :6.0.1/RB3N5C; all markers are XOR-decoded overlapping ASCII-CI substrings and both field conditions are required"
130,0x7ba5c,0x7bb98,0x13c,14-stage detector fanout,recovered,yes,1,14,"four arguments forwarded unchanged to fixed ARM64 stage order, all callee returns ignored and wrapper always returns zero; x86_64 pattern confirms ABI-specific 17-stage variant"
131,0x7bb98,0x7bbb0,0x18,context flag-mask 0x3dffe800,recovered,yes,1,0,zero-extended 32-bit mask load/OR/store recovered in C++
132,0x7bbb0,0x868b4,0xad04,eight fixed-string detector marker matcher,recovered,yes,1,0,"scratch offsets 00/08/10/18/20/30/38/50, eight marker loops, full-string ASCII A-Z folding, null skipping and any-match return recovered in direct C++"
133,0x868b4,0x87158,0x8a4,ASCII case-insensitive detector marker matcher,recovered,yes,1,0,"scratch+0x70 16-byte string slots and +0x870 count, null skipping, full-string ASCII A-Z folding, prefix rejection and first-match return recovered cross-ABI in C++"
134,0x87158,0x8746c,0x314,display-dimension unordered-pair predicate,recovered,yes,1,0,"scratch displayWidth +0x60 and displayHeight +0x64 matched in either orientation against eight cross-ABI identical fixed pairs; field roles dynamically corroborated with 1440x3120 profile, first-match true and exhausted false recovered in direct C++"
135,0x8746c,0x8f56c,0x8100,detector property/sensor/display scratch producer,recovered,yes,1,14,"thirteen property reads and mallocs with delayed publication/status 2; service failure normalized to 0x24, width/height failure to 0x1d and other helper statuses preserved; signed sensor loop, last-only JNI cleanup, post-appender increment, display flow and sole-caller 0x8fb44 partial-ownership envelope recovered cross-ABI in C++ with isolated traces"
136,0x8f56c,0x8fb44,0x5d8,detector scratch owned string-pair appender,recovered,yes,1,0,"count >=127 returns 0x26; otherwise performs two independent malloc(length+1) and forward byte copies with NUL termination, publishes first/second pointers at +0x70+count*0x10 and increments +0x870 only after both succeed, or unconditionally frees first then second and returns 2; recovered cross-ABI in C++"
137,0x8fb44,0x90714,0xbd0,detector scratch content destructor,recovered,yes,1,0,"null no-op; releases and clears fixed owned pointers in +08,+18,+20,+00,+30,+38,+10,+50 order, then scans +0x70 16-byte pairs until the first all-null sentinel and releases first then second pointer without reading +0x870 count or imposing a 128-slot bound; recovered cross-ABI in C++"
138,0x9071c,0x91428,0xd0c,sub_9071c,unknown,no,0,8,not yet assigned semantic role
139,0x91428,0x917a8,0x380,AndroidKeyStore key-pair generation orchestrator,recovered,no,0,4,"cross-ABI XOR-once AndroidKeyStore provider lock, KeyStore.getInstance -> load(null) -> KeyPairGenerator.generateKeyPair order, per-helper status short-circuit, success output transfer and failure clearing of both caller outputs recovered in callback-driven C++"
140,0x917a8,0x91d2c,0x584,BigInteger unsigned big-endian byte materializer,recovered,no,1,3,"BigInteger.toByteArray -> GetByteArrayElements flow, zero-length status 28, one-byte zero sign-prefix removal, signed 32-bit length widening, calloc(length,1), status 2 allocation failure, memcpy(elements+skip), release-before-local-ref cleanup and dual-output failure clearing recovered cross-ABI in C++"
141,0x91d2c,0x9279c,0xa70,sub_91d2c,unknown,no,0,6,not yet assigned semantic role
142,0x9279c,0x927ac,0x10,context +0xe0 bit setter,recovered,yes,1,0,not an algorithm dispatcher
143,0x927ac,0x927bc,0x10,detector context flag-mask 0x0001000000000000,recovered,no,0,0,single context+0xe0 load/OR/store leaf recovered in the shared address-to-mask C++ table
144,0x927c4,0x92a20,0x25c,JNI GetStringUTFLength helper,recovered,yes,2,1,"null status 3, non-null JNI call despite preexisting status, signed jint widening, exception status 28 and final nonzero-status output clearing recovered by static ARM64 interpretation"
145,0x92a20,0x92b24,0x104,JNI exception describe-and-clear consumer,recovered,yes,75,0,"ExceptionOccurred vtable +0x78, conditional ExceptionDescribe +0x80 and ExceptionClear +0x88, exact boolean return recovered in direct C++"
146,0x92b24,0x92ddc,0x2b8,JNI GetStringUTFChars acquisition helper,recovered,yes,6,2,"0x927c4 length stage, vtable +0x548 acquisition, status 28 exception/null result and dual-output clearing implemented and regression-tested in C++"
147,0x92ddc,0x93014,0x238,JNI GetArrayLength helper,recovered,yes,3,1,"null-array status 3, vtable +0x558 call despite preexisting status, status 28 exception and 32-bit output clearing implemented and regression-tested in C++"
148,0x93014,0x93fd0,0xfbc,sub_93014,unknown,yes,1,2,not yet assigned semantic role
149,0x93fd0,0x94bc0,0xbf0,JNI BigInteger.toByteArray helper,recovered,no,1,2,"cross-ABI toByteArray()[B GetObjectClass/GetMethodID/CallObjectMethod flow, status 3/18/28, three exception consumes, class local-ref cleanup, returned byte-array transfer and incoming-status output clearing recovered in C++"
150,0x94bc0,0x95020,0x460,JNI byte-array native copy helper,recovered,yes,2,2,"length, calloc, GetByteArrayRegion and allocation-failure cleanup recovered"
151,0x95020,0x95110,0xf0,JNI ReleaseStringUTFChars guard wrapper,recovered,yes,4,0,"requires non-null Java string and UTF pointer, then calls JNI vtable +0x550; JNIEnv itself unguarded"
152,0x95110,0x9548c,0x37c,JNI GetByteArrayElements acquisition wrapper,recovered,yes,2,2,"GetArrayLength-first ordering, JNI vtable +0x5c0 with null isCopy, exception/null status 28, preexisting-status behavior and paired elements/length cleanup implemented and regression-tested in C++"
153,0x9548c,0x95680,0x1f4,JNI NewByteArray output helper,recovered,yes,1,1,"NewByteArray, status 31, null/preexisting-status output clearing recovered"
154,0x95680,0x95834,0x1b4,JNI SetByteArrayRegion helper,recovered,yes,1,1,null-array status 3 and pending-exception status 32 recovered
155,0x95834,0x95928,0xf4,JNI ReleaseByteArrayElements guard wrapper,recovered,yes,2,0,non-null array/elements gate and vtable +0x600 call with mode zero implemented and regression-tested in C++
156,0x95928,0x9629c,0x974,sub_95928,unknown,no,1,2,not yet assigned semantic role
157,0x9629c,0x96ea8,0xc0c,sub_9629c,unknown,yes,1,2,not yet assigned semantic role
158,0x96ea8,0x975f0,0x748,"JNI Cipher.init(int,Key) helper",recovered,yes,1,2,"caller-supplied cipher/key null gate, GetObjectClass -> GetMethodID(init,(ILjava/security/Key;)V) -> CallVoidMethod flow, fixed DECRYPT_MODE 2 at the sole caller, status 3/18/41, three exception consumes, signed jint forwarding, incoming-status preservation and cipher-class local-ref cleanup recovered cross-ABI in C++"
159,0x975f0,0x9816c,0xb7c,sub_975f0,unknown,yes,1,2,not yet assigned semantic role
160,0x9816c,0x9885c,0x6f0,JNI object-class assignability helper,recovered,no,1,1,"caller-supplied object/class-name null gate, GetObjectClass -> FindClass -> IsAssignableFrom JNI flow, status 3/18/28, three exception consumes, normalized jboolean output, object-class then target-class local-ref cleanup and incoming-status output clearing recovered cross-ABI in C++"
161,0x9885c,0x9954c,0xcf0,sub_9885c,unknown,no,0,2,not yet assigned semantic role
162,0x9954c,0x9aa5c,0x1510,"JNI Map.put(String,String) helper",recovered,yes,1,2,put name/signature and JNI vtable calls recovered
163,0x9aa5c,0x9b684,0xc28,JNI Map.remove(String) helper,recovered,yes,1,2,"status 3/18/34/28, call progression, class/key cleanup, returned-object leak and opaque-anchor DeleteLocalRef attempt modeled"
164,0x9b684,0x9c030,0x9ac,JNI Object.toString helper,recovered,yes,1,2,toString name/signature and JNI calls recovered
165,0x9c030,0x9c98c,0x95c,JNI String.getBytes helper,recovered,yes,1,2,no-argument getBytes and byte-array result recovered
166,0x9c98c,0x9d66c,0xce0,sub_9c98c,unknown,no,1,2,not yet assigned semantic role
167,0x9d66c,0x9e248,0xbdc,sub_9d66c,unknown,no,1,2,not yet assigned semantic role
168,0x9e248,0x9ec74,0xa2c,sub_9e248,unknown,no,1,2,not yet assigned semantic role
169,0x9ec74,0x9fe2c,0x11b8,sub_9ec74,unknown,no,1,2,not yet assigned semantic role
170,0x9fe2c,0xa0640,0x814,sub_9fe2c,unknown,no,1,2,not yet assigned semantic role
171,0xa0640,0xa1230,0xbf0,JNI KeyPairGenerator.generateKeyPair helper,recovered,no,1,2,"cross-ABI generateKeyPair()Ljava/security/KeyPair; GetObjectClass/GetMethodID/CallObjectMethod flow, status 3/18/28, three exception consumes, class local-ref cleanup, returned-reference transfer and incoming-status output clearing recovered in C++"
172,0xa1230,0xa2a00,0x17d0,sub_a1230,unknown,no,1,2,not yet assigned semantic role
173,0xa2a00,0xa3398,0x998,sub_a2a00,unknown,no,1,2,not yet assigned semantic role
174,0xa3398,0xa4450,0x10b8,sub_a3398,unknown,no,0,2,not yet assigned semantic role
175,0xa4450,0xa5308,0xeb8,JNI KeyStore.getInstance helper,recovered,yes,3,2,java/security/KeyStore static getInstance(String) recovered
176,0xa5308,0xa5b68,0x860,JNI KeyStore.load helper,recovered,yes,3,2,load(KeyStore.LoadStoreParameter) with null argument recovered
177,0xa5b68,0xa6c9c,0x1134,sub_a5b68,unknown,yes,1,2,not yet assigned semantic role
178,0xa6c9c,0xa7de0,0x1144,JNI KeyStore.getKey helper,recovered,yes,1,2,"getKey(String,char[]) and output-reference transfer recovered"
179,0xa7de0,0xa8978,0xb98,sub_a7de0,unknown,yes,1,2,not yet assigned semantic role
180,0xa8978,0xa948c,0xb14,JNI size-method reader,recovered,yes,1,2,"null object status 3; GetObjectClass/GetMethodID(size,()I)/CallIntMethod with three exception-consumer stages; class/method status 18, call exception status 28, class local-ref cleanup, incoming-status preservation and final output clearing recovered cross-ABI in C++"
181,0xa948c,0xa9d44,0x8b8,JNI indexed object-method reader,recovered,yes,1,2,"null object status 3; GetObjectClass/GetMethodID(get,(I)Ljava/lang/Object;)/CallObjectMethod(index) with three exception-consumer stages; class/method status 18, call exception or null result status 28, class local-ref cleanup, returned local-ref transfer, incoming-status preservation and final output clearing recovered cross-ABI in C++"
182,0xa9d44,0xab130,0x13ec,JNI Mac.getInstance helper,recovered,yes,1,2,javax/crypto/Mac getInstance(String) recovered
183,0xab130,0xab870,0x740,JNI Mac.init helper,recovered,yes,1,2,init(java.security.Key) recovered
184,0xab870,0xac1d8,0x968,JNI Mac.update helper,recovered,yes,1,2,update(byte[]) recovered
185,0xac1d8,0xacd90,0xbb8,JNI Mac.doFinal helper,recovered,yes,1,2,doFinal() byte-array result recovered
186,0xacd90,0xadbf4,0xe64,JNI Map.containsKey helper,recovered,yes,1,2,containsKey name/signature and CallBooleanMethod recovered
187,0xadbf4,0xaebf8,0x1004,JNI Map.get helper,recovered,yes,2,2,get name/signature and CallObjectMethod recovered
188,0xaebf8,0xaf438,0x840,JNI Map string owned-copy helper,recovered,yes,3,2,"Map.get, modified-UTF acquisition, length+1 malloc copy, statuses 2/3, UTF release and local-ref cleanup modeled in C++"
189,0xaf438,0xb081c,0x13e4,JNI MessageDigest.getInstance(String) helper,recovered,yes,1,2,"caller-supplied algorithm string, fixed java/security/MessageDigest getInstance(Ljava/lang/String;)Ljava/security/MessageDigest; contract, FindClass -> GetStaticMethodID -> NewStringUTF -> CallStaticObjectMethod flow, status 3/18/27/28, four exception consumes, class-then-algorithm-String local-ref cleanup, returned MessageDigest transfer and incoming-status output clearing recovered cross-ABI in C++ with original-SO dynamic ordering"
190,0xb081c,0xb0f38,0x71c,JNI update(byte[]) void-method helper,recovered,yes,1,2,"caller-supplied object/byte-array null gate, GetObjectClass -> GetMethodID(update,([B)V) -> CallVoidMethod flow, status 3/18/28, three exception consumes, exact byte-array forwarding, incoming-status preservation and object-class local-ref cleanup recovered cross-ABI in C++"
191,0xb0f38,0xb1e40,0xf08,JNI MessageDigest.digest overload helper,recovered,yes,1,2,"caller-supplied MessageDigest and optional byte-array select digest()()[B or digest([B)[B, with GetObjectClass -> GetMethodID -> CallObjectMethod flow, status 3/18/28, three exception consumes, exact optional byte-array forwarding, class local-ref cleanup, returned digest byte-array transfer and incoming-status output clearing recovered cross-ABI in C++"
192,0xb1e40,0xb21b4,0x374,JNI java/lang/Exception ThrowNew helper,recovered,no,0,2,"ARM64/x86_64 XOR-once class-name initialization, FindClass plus one exception-consumer call, status 18 on null/exception, success-only ThrowNew(message), ignored ThrowNew return and non-null DeleteLocalRef cleanup recovered in direct C++"
193,0xb21b4,0xb2978,0x7c4,JNI int-field reader,recovered,yes,1,2,"null object/name status 3; GetObjectClass/GetFieldID(name,""I"")/GetIntField with three exception-consumer stages; class/field status 18, int-field exception status 28, conditional class local-ref cleanup, incoming-status preservation and final output clearing recovered cross-ABI in C++"
194,0xb2978,0xb3230,0x8b8,JNI caller-selected String-field reader,recovered,yes,1,2,"null object/name status 3; GetObjectClass/GetFieldID(name,""Ljava/lang/String;"")/GetObjectField with three exception-consumer stages; class/field status 18, object-field exception or null result status 28, class local-ref cleanup, returned String transfer, incoming-status preservation and final output clearing recovered cross-ABI in C++"
195,0xb3230,0xb3bf4,0x9c4,JNI Context.getPackageName String reader,recovered,yes,2,2,"caller-supplied Context null gate, fixed getPackageName()Ljava/lang/String; contract, GetObjectClass -> GetMethodID -> CallObjectMethod flow, status 3/18/28, three exception consumes, class local-ref cleanup, returned String transfer and incoming-status output clearing recovered cross-ABI in C++"
196,0xb3bf4,0xb479c,0xba8,JNI Context.getPackageManager object reader,recovered,yes,2,2,"caller-supplied Context null gate, fixed getPackageManager()Landroid/content/pm/PackageManager; contract, GetObjectClass -> GetMethodID -> CallObjectMethod flow, status 3/18, three exception consumes, null-result failure, class local-ref cleanup, returned PackageManager transfer and incoming-status output clearing recovered cross-ABI in C++"
197,0xb479c,0xb5828,0x108c,sub_b479c,unknown,yes,1,2,not yet assigned semantic role
198,0xb5828,0xb70e4,0x18bc,JNI Context.getSystemService getter,recovered,yes,1,2,"null context/field-name status 3; FindClass(android/content/Context), GetMethodID(getSystemService), caller-selected static String GetStaticFieldID/GetStaticObjectField and CallObjectMethod recovered in exact five-exception-stage order; acquisition status 18, object/call status 28, service String before class local-ref cleanup and incoming-status output clearing modeled in C++"
199,0xb70e4,0xb7d68,0xc84,sub_b70e4,unknown,no,0,2,not yet assigned semantic role
200,0xb7d68,0xb8830,0xac8,sub_b7d68,unknown,no,0,2,not yet assigned semantic role
201,0xb8830,0xb9424,0xbf4,JNI PackageInfo.signatures object-field reader,recovered,yes,1,2,"legacy caller-supplied PackageInfo object, fixed signatures [Landroid/content/pm/Signature; field contract, GetObjectClass -> GetFieldID -> GetObjectField flow, status 3/18/28, three exception consumes, null-result failure, class local-ref cleanup, returned Signature[] transfer and incoming-status output clearing recovered cross-ABI in C++"
202,0xb9424,0xb9cc8,0x8a4,JNI PackageInfo.signingInfo object-field reader,recovered,yes,1,2,"caller-supplied PackageInfo object, fixed signingInfo Landroid/content/pm/SigningInfo; field contract, GetObjectClass -> GetFieldID -> GetObjectField flow, status 3/18/28, three exception consumes, class local-ref cleanup, returned SigningInfo transfer and incoming-status output clearing recovered cross-ABI in C++"
203,0xb9cc8,0xba914,0xc4c,sub_b9cc8,unknown,yes,1,2,not yet assigned semantic role
204,0xba914,0xbb5a0,0xc8c,JNI PackageManager.getPackageInfo object reader,recovered,yes,1,2,"caller-supplied PackageManager/package-name/flags, fixed getPackageInfo(Ljava/lang/String;I)Landroid/content/pm/PackageInfo; contract, legacy 0x40 and API-28 0x08000000 caller flags, GetObjectClass -> GetMethodID -> CallObjectMethod flow, status 3/18/35, three exception consumes, null-result failure, class local-ref cleanup, returned PackageInfo transfer and incoming-status output clearing recovered cross-ABI in C++"
205,0xbb5a0,0xbc3ac,0xe0c,JNI Resources.getSystem getter,recovered,yes,1,2,"FindClass(android/content/res/Resources), GetStaticMethodID(getSystem,()Landroid/content/res/Resources;) and CallStaticObjectMethod recovered with three exception stages, class/method status 18, call exception or null result status 28, class local-ref cleanup and incoming-status output clearing"
206,0xbc3ac,0xbce98,0xaec,sub_bc3ac,unknown,no,1,2,not yet assigned semantic role
207,0xbce98,0xbd6a8,0x810,JNI DisplayMetrics getter,recovered,yes,1,2,"null Resources object status 3; GetObjectClass/GetMethodID(getDisplayMetrics,()Landroid/util/DisplayMetrics;)/CallObjectMethod with three exception-consumer stages; class/method status 18, call exception or null result status 28, class local-ref cleanup, returned DisplayMetrics transfer, incoming-status preservation and final output clearing recovered cross-ABI in C++"
208,0xbd6a8,0xbea74,0x13cc,sub_bd6a8,unknown,yes,1,2,not yet assigned semantic role
209,0xbea74,0xbf5fc,0xb88,JNI Sensor.getName getter,recovered,yes,1,2,"null Sensor status 3; GetObjectClass/GetMethodID(getName,()Ljava/lang/String;)/CallObjectMethod, statuses 18/28, class local-ref cleanup, returned String transfer and incoming-status output clearing recovered cross-ABI in shared C++ regression"
210,0xbf5fc,0xc0180,0xb84,JNI Sensor.getVendor getter,recovered,yes,1,2,"null Sensor status 3; GetObjectClass/GetMethodID(getVendor,()Ljava/lang/String;)/CallObjectMethod, statuses 18/28, class local-ref cleanup, returned String transfer and incoming-status output clearing recovered cross-ABI in shared C++ regression"
211,0xc0180,0xc0d84,0xc04,JNI SensorManager.getSensorList getter,recovered,yes,1,2,"null manager status 3; GetObjectClass/GetMethodID(getSensorList,(I)Ljava/util/List;)/CallObjectMethod(type) with three exception stages; class/method/call/null-result status 18, class local-ref cleanup, returned List transfer and incoming-status output clearing recovered cross-ABI in C++"
212,0xc0d84,0xc2248,0x14c4,sub_c0d84,unknown,yes,1,2,not yet assigned semantic role
213,0xc2248,0xc2b78,0x930,JNI Signature.toByteArray byte-array reader,recovered,yes,1,2,"fixed toByteArray()[B contract shared with the separately emitted 0x93fd0 helper; null Signature status 3, class/method status 18, call exception or null result status 28, three exception consumes, class local-ref cleanup, returned byte[] transfer and incoming-status output clearing recovered cross-ABI in C++"
214,0xc2b78,0xc375c,0xbe4,JNI SigningInfo.getApkContentsSigners reader,recovered,yes,1,2,"caller-supplied SigningInfo null gate, fixed getApkContentsSigners()[Landroid/content/pm/Signature; contract, GetObjectClass -> GetMethodID -> CallObjectMethod flow, status 3/18/28, three exception consumes, null-result failure, class local-ref cleanup, returned Signature[] transfer and incoming-status output clearing recovered cross-ABI in C++"
215,0xc375c,0xc4064,0x908,JNI SigningInfo.getSigningCertificateHistory reader,recovered,yes,1,2,"caller-supplied SigningInfo null gate, fixed getSigningCertificateHistory()[Landroid/content/pm/Signature; contract, GetObjectClass -> GetMethodID -> CallObjectMethod flow, status 3/18/28, three exception consumes, class local-ref cleanup, returned Signature[] transfer and incoming-status output clearing recovered cross-ABI in C++"
216,0xc4064,0xc4ae4,0xa80,JNI SigningInfo.hasMultipleSigners boolean reader,recovered,yes,1,2,"caller-supplied SigningInfo null gate, fixed hasMultipleSigners()Z contract, GetObjectClass -> GetMethodID -> CallBooleanMethod flow, false as a valid result, status 3/18/28, three exception consumes, raw jboolean byte publication, class local-ref cleanup and incoming-status output clearing recovered cross-ABI in C++"
217,0xc4ae4,0xc55a8,0xac4,sub_c4ae4,unknown,no,0,2,not yet assigned semantic role
218,0xc55a8,0xc8c44,0x369c,sub_c55a8,unknown,yes,1,5,not yet assigned semantic role
219,0xc8c44,0xc8eb8,0x274,owned pointer-array destructor,recovered,yes,2,0,"null-array no-op, ascending count-bounded non-null element free and slot clear, then unconditional array-allocation free implemented and regression-tested in C++"
220,0xc8ec0,0xc9250,0x390,Java HMAC key-route dispatcher,recovered,yes,1,2,"API <18, 18..22 and >=23 routes recovered"
221,0xc9250,0xc9988,0x738,AndroidKeyStore key2 resolver,recovered,yes,1,4,"getInstance/load/getKey call failures, null-key success and KeyStore local-ref cleanup recovered"
222,0xc9988,0xca648,0xcc0,legacy wrapped HMAC-key resolver,recovered,yes,1,6,"five-helper order, preexisting-status first call, null forwarding, Base64 status 26 normalization, RSA boolean gate, success-only output publication and raw/decoded/preferences/string cleanup order recovered by full ARM64 interpretation"
223,0xca648,0xcac40,0x5f8,Java Mac HmacSHA256 producer,recovered,yes,1,6,getInstance/init/update/doFinal sequence recovered
224,0xcac40,0xcba84,0xe44,sub_cac40,unknown,yes,1,8,not yet assigned semantic role
225,0xcba8c,0xcba90,0x4,nOnResume export jump,recovered,yes,0,1,single unconditional tail branch to 0xd4908 represented by runRecoveredNOnResumeExport
226,0xcba90,0xcbbd4,0x144,native context init stage 1,recovered,yes,1,4,"four-call orchestration, false-only fallback and status reset recovered in C++"
227,0xcbbd4,0xcbe94,0x2c0,native context init stage 2,recovered,yes,1,16,"fail-open HMAC branch, two owned-pointer stages, three cleanup paths and finalizer order recovered in C++"
228,0xcbe94,0xcbe98,0x4,environment dispatcher tail alias,recovered,no,0,1,four-byte tail branch to 0x143e8 represented by a source-level C++ entry
229,0xcbe98,0xcc47c,0x5e4,native signing context orchestrator,recovered,yes,1,10,"loaded-value gate, realtime failure, certificate fail-open reset, fixed stage order, owned cleanup and result return implemented in C++"
230,0xcc47c,0xcc604,0x188,CLOCK_REALTIME signing-context sampler,recovered,yes,2,0,"ARM64/x86_64 millisecond conversion, null-status behavior and failure status 14 implemented in C++"
231,0xcc604,0xcd934,0x1330,nSign JNI orchestrator,recovered,yes,0,6,"full ARM64 interpreter and callback-driven C++ recover exact environment=sandbox auxiliary flag, conditional begin/end logging, independent clock-status merges, descriptor values and saved-result return"
232,0xcd93c,0xcfd00,0x23c4,sub_cd93c,unknown,yes,1,0,not yet assigned semantic role
233,0xcfd00,0xd1a30,0x1d30,sub_cfd00,unknown,yes,1,2,not yet assigned semantic role
234,0xd1a38,0xd1bf4,0x1bc,slice-to-owned-NUL-string materializer,recovered,yes,1,0,"consumes one {uint32 offset,length} descriptor, requests uint64(length)+1, copies source+8 data, appends NUL, publishes output, and preserves cursor advancement with output null/status 2 on allocation failure; recovered cross-ABI in direct C++"
235,0xd1bf4,0xd2018,0x424,indexed string-table owned clone,recovered,yes,1,0,"consumes a uint32 index, maps UINT32_MAX to static empty string or resolves source+8 data through the uint32 offset table at source+0x24, performs native unbounded NUL scan, clones to output+8, and preserves cursor advancement with output null/status 2 on allocation failure; recovered cross-ABI in C++"
236,0xd2018,0xd22d4,0x2bc,two-stage owned string-pair materializer,recovered,yes,1,2,"always runs 0xd1a38, runs 0xd1bf4 only while status is zero, retains both strings on success, and on any nonzero status frees/clears first then second; preexisting status still permits stage-one allocation before ordered rollback; recovered cross-ABI in direct C++"
237,0xd22d4,0xd28d0,0x5fc,recursive 0x30-byte metadata-node content destructor,recovered,yes,2,0,"null no-op; ascending depth-first destruction of +0x18/count+0x10 then +0x28/count+0x20 contiguous 0x30-byte child arrays, array release/pointer/count clearing, then +0x00/+0x08 owned-string release recovered cross-ABI in recursive C++"
238,0xd28d0,0xd313c,0x86c,recursive metadata-node parser,recovered,yes,1,2,"consumes a 0x1c descriptor, redirects through source-relative own/child offsets, builds recursive +0x18 and pair-only +0x28 calloc(count,0x30) arrays, publishes counts only after child success, and uses d22d4 rollback with status 2 on allocation failure; recovered cross-ABI in recursive C++"
239,0xd313c,0xd352c,0x3f0,dot-separated metadata area-name resolver,recovered,yes,1,0,"descends +0x18 recursive children by first strncmp(segmentLength) match, resolves the final segment by exact strcmp over +0x28 pair-only leaves, and returns the leaf second string or null; recovered cross-ABI in direct C++"
240,0xd352c,0xd3d90,0x864,property-info mapped source creator,recovered,yes,1,2,"calloc(1,0x30), decoded /dev/__properties__/property_info access/openat/fstat, >=24-byte gate, read-only private mmap and first-24-byte header copy recovered cross-ABI with statuses 2/8/10/12; native dereferences mmap result without MAP_FAILED check"
241,0xd3d90,0xd3ff0,0x260,mapped-file owner destructor,recovered,yes,2,0,"null owner no-op, nullptr/MAP_FAILED unmap suppression, valid mapping munmap, nonnegative fd syscall-close, ignored cleanup results and final owner free order implemented and regression-tested in C++"
242,0xd3ff0,0xd4220,0x230,system-property metadata initializer,recovered,yes,1,3,"source creation, preexisting-status gate, calloc(1,0x30), source+0x08 plus uint32 +0x2c cursor, population failure free and unconditional source destruction implemented and regression-tested in C++"
243,0xd4220,0xd4244,0x24,recursive metadata-node owner destructor,recovered,no,0,1,"preserves the outer 0x30-byte node pointer, invokes 0xd22d4 content destruction and tail-calls free on the same pointer; null still reaches free(nullptr), recovered cross-ABI in C++"
244,0xd4244,0xd43e8,0x1a4,guarded system-property reader,recovered,yes,1,2,"metadata area-name resolution, /dev/__properties__/%s path, R_OK gate, direct fallback and denied-output clearing implemented and regression-tested in C++"
245,0xd43e8,0xd466c,0x284,property-area path snprintf adapter,recovered,yes,1,1,fixed /dev/__properties__/%s format and native 199-byte vsnprintf bound implemented in C++
246,0xd466c,0xd4678,0xc,process-global Android API setter,recovered,yes,1,0,single 32-bit global store represented by runRecoveredAndroidApiSetterD466c and regression-tested
247,0xd4678,0xd4900,0x288,Android API system-property compatibility dispatcher,recovered,yes,3,2,"API >27 lazy metadata cache, success-only guarded first use, direct fallback, non-null failed-object publication and steady-state routing implemented and regression-tested in C++"
248,0xd4908,0xd4e0c,0x504,one-shot periodic timer installer,recovered,yes,2,1,"synchronous callback, CLOCK_MONOTONIC SIGEV_THREAD 1-second timer, global installed byte and silent create/arm failures modeled in C++"
249,0xd4e0c,0xd6888,0x1a7c,periodic TracerPid anti-debug callback,recovered,yes,1,2,"cross-ABI /proc/<pid>/status path, TracerPid marker, access/openat/read/close failures, case-insensitive search, native atoi and sticky verdict modeled in C++"
250,0xd6888,0xd6994,0x10c,TracerPid correction/context consumer,recovered,yes,1,1,sticky verdict emits correction 0x26 and flag bit zero; both paths set context flag bit 38 in C++
251,0xd6994,0xd6a24,0x90,vsnprintf varargs adapter A,recovered,yes,1,0,ARM64 GP/FP varargs save and va_list forwarding have the same source-level semantics as recoveredBoundedSnprintf
252,0xd6a2c,0xd6cb8,0x28c,readable-file syscall reader,recovered,yes,2,0,"null/access/open gates, openat/read/close syscall arguments, exact -1 failure tests, output[readResult-1] termination including zero-read underflow risk, close ordering and ignored close result implemented and regression-tested in C++"
253,0xd6cb8,0xd6ed8,0x220,package suffix after last-dot helper,recovered,yes,1,0,"NUL scan, last-dot tracking, leading/absent-dot empty result and pointer-after-dot return recovered in C++"
254,0xd6ed8,0xd7890,0x9b8,128-byte newline-stripping getline-compatible helper,recovered,yes,2,0,"null-buffer calloc(128,1), full incoming-capacity clear, repeated fgets/strlen chunks, newline removal, append/NUL behavior, exact 128-byte growth including exact-multiple extra block, initial/partial EOF returns and direct realloc-failure pointer loss recovered cross-ABI in callback-driven C++"
255,0xd7890,0xd78b0,0x20,path existence helper,recovered,yes,1,0,"access(path, F_OK) success converted to exact boolean in C++"
256,0xd78b8,0xdb410,0x3b58,proc maps Frida scanner,recovered,yes,1,2,"access R_OK and fopen status 8, getline loop, exact case-sensitive frida-agent substring, early match return and free-before-close ownership recovered by full ARM64 interpretation and C++ callbacks"
257,0xdb410,0xdd144,0x1d34,sub_db410,unknown,yes,1,2,not yet assigned semantic role
258,0xdd144,0xdd1d4,0x90,vsnprintf varargs adapter B,recovered,yes,1,0,"second ARM64 GP/FP varargs adapter forwarding directly to vsnprintf, represented by recoveredBoundedSnprintf"
259,0xdd1d4,0xf18ec,0x14718,sub_dd1d4,unknown,no,0,2,not yet assigned semantic role
260,0xf18f4,0xf1ec0,0x5cc,ART/linker stat helper,recovered,yes,1,0,correction 0x2f
261,0xf1ec8,0x11ba78,0x29bb0,protected crypto/work engine,recovered,yes,1,15,"all 42,732 ARM64 instructions and 17 direct helper targets represented by the text-only VM; corrected 16-byte context-flags descriptor naturally resolves the 0x3e branch and reproduces the 176-byte Pixel result without PC skips, lane patches or output hardcoding"
262,0x11ba78,0x11d40c,0x1994,JNI Map selected-value walker,recovered,yes,1,4,"one 1363-byte table allocation, exact 100-key order, 97 normal containsKey routes, reserved-value bypass, Map.get null-value callback, callback/DeleteLocalRef timing, preexisting/allocation/helper/callback failure states and retained-reference edges recovered by static ARM64 interpretation"
263,0x11d40c,0x11d528,0x11c,Map value counting sink,recovered,no,0,1,first pass length accumulation
264,0x11d528,0x11d798,0x270,Map value bounded-copy sink,recovered,no,0,2,capacity/offset/data layout recovered
265,0x11d798,0x11da64,0x2cc,Map plaintext materializer,recovered,yes,1,1,"counting walker 0x11d40c, calloc(length+1,1), allocation status 2, copying walker 0x11d528, deferred pointer/length publication, explicit NUL and retained allocation on second-walker failure recovered"
266,0x11da64,0x11ea78,0x1014,final consumer,recovered,yes,1,10,"time/srand, nine descriptor inputs, Map materialization, protected engine/export/result flow, status 4/2 normalization, metadata rollback, exact descriptor/work/buffer cleanup order and final status boolean recovered by full ARM64 interpretation and callback-driven C++"
267,0x11ea78,0x11f238,0x7c0,SHA-1 80-round compression,recovered,yes,2,0,"big-endian 16-word load, 80-word schedule, four SHA-1 round families/constants and five-state accumulation represented by the recovered SHA-1 implementation"
268,0x11f238,0x11f264,0x2c,SHA-1 context initializer,recovered,yes,1,0,standard SHA-1 initial words and zero counters represented by the recovered SHA-1 implementation used by the exact candidate digest comparator
269,0x11f264,0x11f414,0x1b0,SHA-1 streaming update,recovered,yes,1,1,"block buffering, length accounting and SHA-1 compression behavior represented by the recovered SHA-1 implementation"
270,0x11f414,0x11f89c,0x488,SHA-1 finalizer,recovered,yes,1,1,"SHA-1 padding, big-endian digest export and final compression represented by the recovered SHA-1 implementation"
271,0x11f89c,0x11f990,0xf4,checked fread wrapper,recovered,yes,19,0,"fread argument order, short-item status 2 and unsigned itemsRead>=requestedCount return implemented and regression-tested in C++"
272,0x11f990,0x11fa74,0xe4,checked fseek wrapper,recovered,yes,3,0,nonzero fseek status 2 and exact zero-success boolean implemented and regression-tested in C++
273,0x11fa74,0x11fb60,0xec,checked ftell wrapper,recovered,yes,2,0,"nonnegative output publication, negative status 2 and sign-bit boolean implemented and regression-tested in C++"
274,0x11fb60,0x11fccc,0x16c,24-byte owned file-list destructor,recovered,yes,2,0,"next-field traversal, payload-before-node free order and owner {null,&head} reset implemented and regression-tested in C++"
275,0x11fccc,0x11fe4c,0x180,24-byte file-list node append,recovered,yes,1,0,"zeroed node allocation, status 1 failure, tail-slot publication and node+0x10 tail advance implemented and regression-tested in C++"
276,0x11fe4c,0x12014c,0x300,length-prefixed file-list record reader,recovered,yes,1,2,"append-before-read ownership, two uint32 headers, zero-extended payloadLength+8 validation, status 8 mismatch, calloc payload publication and checked one-item payload read implemented and regression-tested in C++"
277,0x12014c,0x1203e4,0x298,bounded file-list sequence reader,recovered,yes,2,2,"four-byte record-size prefix, nested 0x11fe4c parsing, uint32 cumulative recordSize+4 progression, exact-total termination, overshoot status 8 and short-read propagation implemented and regression-tested in C++"
278,0x1203e4,0x120550,0x16c,24-byte owned file-list destructor alias,recovered,yes,2,0,"next at +0x10, payload-before-node free order and owner {null,&head} reset are identical to 0x11fb60 and represented by a tested C++ alias"
279,0x120550,0x1206d0,0x180,24-byte file-list node append alias,recovered,yes,1,0,"calloc(1,0x18), status 1 failure, tail-slot publication and node+0x10 advance are identical to 0x11fccc and represented by a tested C++ alias"
280,0x1206d0,0x120858,0x188,file-list fixed-size payload reader,recovered,yes,1,2,"append-before-publication, uint32 length at node+0, calloc payload at +8, status 1 allocation failure and exact checked one-item read implemented and regression-tested in C++"
281,0x120858,0x120afc,0x2a4,bounded fixed-size payload sequence reader,recovered,yes,2,2,"four-byte payload-length prefixes, nested 0x1206d0 reads, uint32 length+4 offset progression, exact-total status 8 and short-read propagation implemented and regression-tested in C++"
282,0x120afc,0x120c68,0x16c,24-byte owned file-list destructor alias B,recovered,yes,2,0,"node+0x10 traversal, payload-before-node free order and {null,&head} reset represented by a tested C++ alias"
283,0x120c68,0x120de8,0x180,24-byte file-list node append alias B,recovered,yes,1,0,"calloc(1,0x18), status 1, tail-slot publication and node+0x10 advance represented by a tested C++ alias"
284,0x120de8,0x120ffc,0x214,tagged payload record reader,recovered,yes,1,2,"append-before-read, uint32 recordSize-4 payload derivation, tag at +0, length at +4, calloc payload at +8 and exact checked read implemented and regression-tested in C++"
285,0x120ffc,0x121260,0x264,bounded tagged-payload sequence reader,recovered,yes,2,2,"four-byte record-size prefixes, nested 0x120de8 reads, uint32 size+4 progression, exact-total status 8 and short-read propagation implemented and regression-tested in C++"
286,0x121260,0x1213cc,0x16c,24-byte owned file-list destructor alias C,recovered,yes,2,0,"node+0x10 traversal, payload-before-node free order and {null,&head} reset represented by a tested C++ alias"
287,0x1213cc,0x12154c,0x180,24-byte file-list node append alias C,recovered,yes,1,0,"calloc(1,0x18), status 1, tail-slot publication and node+0x10 advance represented by a tested C++ alias"
288,0x12154c,0x12183c,0x2f0,length-prefixed file-list record reader alias,recovered,yes,1,2,"two uint32 headers, zero-extended payloadLength+8 validation, status 8, calloc payload and exact checked read are identical to 0x11fe4c and represented by a tested C++ alias"
289,0x12183c,0x121aac,0x270,bounded file-list record sequence reader C,recovered,yes,2,2,"four-byte record-size prefixes, nested 0x12154c reads, uint32 size+4 progression and exact-total status 8 implemented and regression-tested in C++"
290,0x121aac,0x121adc,0x30,three-list aggregate destructor,recovered,yes,1,3,"ordered +0x20 via 0x120afc, +0x10 via 0x1203e4 and +0x00 tail-call to 0x11fb60 implemented and regression-tested in C++"
291,0x121adc,0x122090,0x5b4,three-section file-list parser,recovered,yes,1,5,"three ordered uint32 section lengths, uint32 cumulative prefix accounting with per-stage upper bounds, 0x12014c/0x120858/0x120ffc routing, nested status short circuit and trailing SEEK_CUR skip implemented and regression-tested in C++"
292,0x122090,0x1221b8,0x128,owned file-buffer reader,recovered,yes,2,1,"length-first publication, calloc(1,length), status 1 allocation failure and checked one-item fread implemented and regression-tested in C++"
293,0x1221b8,0x1222a8,0xf0,owned file-buffer destructor,recovered,yes,2,0,conditional data free followed by pointer clear and length clear implemented and regression-tested in C++
294,0x1222a8,0x122410,0x168,four-list container-node append,recovered,yes,1,0,"calloc(1,0x58), four embedded {null,&head} owners, allocation status 1, outer tail-slot publication and node+0x50 advance implemented and regression-tested in C++"
295,0x122410,0x12243c,0x2c,four-list container-node content destructor,recovered,yes,1,3,"ordered first-three aggregate, fourth list and owned-buffer cleanup without freeing the outer node implemented and regression-tested in C++"
296,0x12243c,0x122bb8,0x77c,three-section 0x58 container-node parser,recovered,yes,1,5,"append-before-read ownership, three uint32 sections routed to 0x121adc/+0x00, 0x12183c/+0x30 and 0x122090/+0x40, uint32 overshoot gates and exact-total status 8 implemented and regression-tested in C++"
297,0x122bb8,0x122d24,0x16c,0x58 container-node list destructor,recovered,yes,1,1,"node+0x50 traversal, content-before-node cleanup and outer owner {null,&head} reset implemented and regression-tested in C++"
298,0x122d24,0x122fdc,0x2b8,bounded 0x58 container-node sequence,recovered,yes,1,2,"zero-total no-op, length-prefixed 0x12243c records, parse-before-offset advancement, uint32 progression and exact-total status 8 implemented and regression-tested in C++"
299,0x122fdc,0x122fe4,0x8,empty linked-list head initializer A,recovered,yes,1,0,stores head=0 and tailSlot=&head; represented by direct C++ alias
300,0x122fe4,0x122fe8,0x4,container-node list destructor alias,recovered,yes,1,1,single tail branch to 0x122bb8 represented by a tested C++ alias
301,0x122fe8,0x123254,0x26c,single-section container-sequence wrapper,recovered,yes,1,2,"one uint32 section length, pre-parse unsigned size+4 overshoot gate, 0x122d24 routing and exact-total status 8 implemented and regression-tested in C++"
302,0x123254,0x123288,0x34,three-list two-field aggregate destructor,recovered,yes,1,3,"ordered +0x28 and +0x10 list cleanup, uint32 +0x20/+0x24 clear and +0x00 tail cleanup implemented and regression-tested in C++"
303,0x123288,0x1238ec,0x664,three-list two-field aggregate parser,recovered,yes,1,4,"wire order list-size/body, list-size/body, two fixed uint32 values, list-size/body; uint32 overshoot gates, exact-total status 8 and nested status short-circuit implemented and regression-tested in C++"
304,0x1238ec,0x123a54,0x168,0x68 large-container node append,recovered,yes,1,0,"calloc(1,0x68), embedded owner tail slots at +0x08/+0x18/+0x30/+0x48, allocation status 1 and outer node+0x60 publication implemented and regression-tested in C++"
305,0x123a54,0x123a80,0x2c,0x68 large-container content destructor,recovered,yes,1,3,"ordered +0x00 aggregate, +0x40 fourth list and +0x50 owned-buffer cleanup without outer-node free implemented and regression-tested in C++"
306,0x123a80,0x124608,0xb88,validated multi-section 0x68 node parser,recovered,yes,1,5,"append-before-read ownership, +0x00 aggregate, mirrored +0x38/+0x3c uint32 validation with status 9, +0x40 list and +0x50 buffer sections, uint32 overshoot/exact-total status 8 implemented and regression-tested in C++"
307,0x124608,0x124774,0x16c,0x68 large-container list destructor,recovered,yes,1,1,"node+0x60 traversal, content-before-node cleanup and owner {null,&head} reset implemented and regression-tested in C++"
308,0x124774,0x124a18,0x2a4,bounded 0x68 large-container sequence,recovered,yes,1,2,"zero-total no-op, length-prefixed 0x123a80 records, parse-before-offset uint32 progression and exact-total status 8 implemented and regression-tested in C++"
309,0x124a18,0x124a20,0x8,empty linked-list head initializer B,recovered,yes,1,0,second distinct FDE with head=0 and tailSlot=&head; represented by direct C++ alias
310,0x124a20,0x124a24,0x4,large-container list destructor alias,recovered,yes,1,1,single tail branch to 0x124608 represented by a tested C++ alias
311,0x124a24,0x124c90,0x26c,single-section large-container sequence wrapper,recovered,yes,1,2,"uint32 section prefix, pre-parse overshoot, 0x124774 routing and post-parse exact-total status 8 implemented and regression-tested in C++"
312,0x124c90,0x125074,0x3e4,public-source parser-owner constructor,recovered,yes,1,3,"access(path,R_OK), cross-ABI once-decoded rb fopen mode, calloc(1,0x48), access/open status 2, allocation status 1, FILE* +0x00 and ordered +0x18/+0x28/+0x38 owner initialization recovered in callback-driven C++; native allocation-failure stream leak preserved"
313,0x125074,0x125210,0x19c,composite parser-owner destructor,recovered,yes,1,2,null outer owner no-op; optional FILE* at +0x00 fclose-and-clear followed by ordered embedded-owner destruction at +0x18/+0x28/+0x38 and final outer free recovered cross-ABI in callback-driven C++
314,0x125210,0x125770,0x560,ZIP EOCD signature matcher,recovered,yes,1,2,"zeroed four-byte buffer, checked one-item fread, cross-ABI once-decoded 50 4b 05 06 marker and exact ordered byte equality recovered in callback-driven C++"
315,0x125770,0x1259b8,0x248,ZIP EOCD backward offset scanner,recovered,yes,1,2,"starts at -22, scans through -65556 with checked SEEK_END positioning and 0x125210 predicate, stops on seek failure/match and returns -65557 on exhaustion; unsigned boundary recovered cross-ABI in callback-driven C++"
316,0x1259b8,0x127194,0x17dc,APK Signing Block locator and footer/header validator,recovered,yes,1,5,"EOCD+12 central-directory offset read, absolute PK 01 02 validation, -20 APK Sig Block 42 footer-magic validation, -24 footer offset publication, uint64 footer size, modulo-64-bit 8-size seek, duplicate header-size equality and statuses 3/5/6 recovered cross-ABI in callback-driven C++"
317,0x127194,0x127a78,0x8e4,APK Signing Block v2/v3/v3.1 entry dispatcher,recovered,yes,1,4,"raw uint64 size plus uint32 ID loop, exact 7109871a/f05368c0/1b93ad61 routing to owner +0x18/+0x28/+0x38, recognized low32(size)-4 parsing, unknown checked-ftell modulo bound and full64(size)-4 raw seek, zero-read normal exit and seek status 7 recovered cross-ABI in callback-driven C++"
318,0x127a78,0x128038,0x5c0,case-sensitive substring predicate,recovered,yes,4,0,"null rejection, empty-needle acceptance, naive overlapping byte scan, length boundary and first complete-match return recovered in direct C++"
319,0x128038,0x128364,0x32c,case-sensitive suffix predicate,recovered,yes,2,0,"null rejection, measured length comparison, value plus length-difference suffix alignment, byte-exact comparison, empty-suffix acceptance and longer-suffix rejection recovered in direct C++"
320,0x128364,0x12ad00,0x299c,optimized case-sensitive substring predicate,recovered,yes,1,0,"call-free byte-indexed table and four-byte packing implementation statically interpreted through the kind-seven caller state; null rejection, empty-marker acceptance, overlapping and case-sensitive substring behavior recovered in direct C++"
321,0x12ad00,0x12b474,0x774,ASCII case-insensitive prefix predicate,recovered,yes,1,0,"null rejection, empty-marker acceptance, lockstep comparison from value start and ASCII A-Z folding recovered in direct C++"
322,0x12b474,0x12ba10,0x59c,ASCII case-insensitive suffix predicate,recovered,yes,1,0,"null rejection, empty-suffix acceptance, measured length alignment and ASCII A-Z folding recovered in direct C++"
323,0x12ba10,0x12c12c,0x71c,ASCII case-insensitive substring predicate,recovered,yes,1,0,"null rejection, nonempty-value outer candidate loop, overlapping restart, ASCII A-Z folding, empty-value/empty-marker false and nonempty-value/empty-marker true recovered in direct C++"
324,0x12c12c,0x12e95c,0x2830,case-insensitive marker/triplet parser,recovered,yes,1,0,"naive marker search, repeated-dot token scanner, three strtol calls and partial mutation recovered in C++"
325,0x12e95c,0x12eb48,0x1ec,unsigned 96-bit comparator,recovered,yes,1,0,three-limb comparison order and -1/0/1 result recovered in C++
326,0x12eb48,0x12ec1c,0xd4,final range-boundary predicate,recovered,yes,1,0,equal low limb plus upper-pair ordering recovered in C++
327,0x12ec1c,0x12f298,0x67c,epoch-millisecond timestamp log front end,recovered,yes,1,2,"cross-ABI /1000 truncation, fmod millisecond component, localtime, date/zone strftime, exact line format and nSign begin/end labels modeled in C++"
328,0x12f298,0x12f29c,0x4,Park-Miller next tail alias,recovered,yes,2,1,single tail branch to 0x12f29c represented by the recovered C++ alias
329,0x12f29c,0x12f2f8,0x5c,Park-Miller minimal-standard next,recovered,yes,1,0,"zero-state substitute, 127773 quotient/remainder reduction, 16807/2836 terms, signed correction, unmasked state store and low-31-bit return recovered by static ARM64 proof and C++ regression"
330,0x12f2f8,0x12f3ac,0xb4,Park-Miller state seed helper,recovered,yes,1,0,null no-op and zero-extended 32-bit seed publication as a 64-bit state recovered by static ARM64 proof and C++ regression
331,0x12f3ac,0x12fa24,0x678,urandom/time fallback seed producer,recovered,yes,1,1,"null no-op, output clear, /dev/urandom R_OK plus ARM64 openat syscall 56, exact eight-byte read, close ordering and gettimeofday/getpid XOR fallback recovered by cross-ABI static proof and callback C++ regression"
332,0x12fa24,0x12fab4,0x90,Android log varargs adapter,recovered,yes,1,1,ARM64 GP/FP register save and va_list forwarding represented by the recovered source-level variadic log entry
333,0x12fab4,0x130098,0x5e4,Android log formatter/router,recovered,yes,1,4,"two zeroed 0x400-byte buffers, message formatting, optional source@line prefix and sink routing recovered cross-ABI in C++"
334,0x130098,0x130128,0x90,bounded snprintf varargs adapter,recovered,yes,1,0,va_list construction and direct vsnprintf return-value forwarding recovered in C++
335,0x130128,0x13012c,0x4,no-op return leaf,recovered,yes,1,0,standalone ret-only FDE represented in C++
336,0x13012c,0x13063c,0x510,Android log priority sink,recovered,yes,1,1,"priority table 2/3/5/6, signer tag, one-argument and prefix-plus-message formats recovered cross-ABI in C++"
337,0x13063c,0x1309cc,0x390,signer-code trampoline detector,recovered,yes,1,0,"null-terminated table walk, per-table upper bounds, up-to-eight-byte copy and ARM64 LDR-literal plus BR-register mask recovered by static instruction interpretation and direct C++"
338,0x1309cc,0x1311f0,0x824,loopback Frida-server probe,recovered,yes,1,1,"atomic XOR-once 127.0.0.1/AUTH strings, TCP port 27042, 100ms receive timeout, socket/connect/send/recv/close ordering, status 6 and exact recv-zero verdict recovered in callback-driven C++ without network execution"
339,0x1311f0,0x134a1c,0x382c,sub_1311f0,unknown,yes,1,1,not yet assigned semantic role
340,0x134a1c,0x134a74,0x58,entropy-seeded correction-state initializer wrapper,recovered,yes,1,2,"0x12f3ac entropy producer, low-32-bit seed forwarding and 0x134a74 initialization order implemented and regression-tested in C++"
341,0x134a74,0x134dd8,0x364,correction codeword transform,recovered,yes,1,5,encodeCorrection implemented
342,0x134dd8,0x134f40,0x168,correction replacement-slot finder,recovered,yes,1,0,"64 slots, 8 repeating sentinels and exhaustion index 64 recovered in C++"
343,0x134f40,0x135050,0x110,16-byte Park-Miller permutation builder,recovered,yes,1,1,"zero initialization and incremental Fisher-Yates output[j]-to-output[i], i-to-output[j] construction for 16 iterations recovered by static ARM64 proof and C++ regression"
344,0x135050,0x13531c,0x2cc,16x16 correction-basis bit-matrix transpose,recovered,yes,1,0,"zeroed local matrix, MSB-first source/destination loops, conditional bit OR and sixteen-halfword copy-back recovered by cross-ABI static proof and involution regression"
345,0x13531c,0x13548c,0x170,state-local correction codeword writer,recovered,yes,2,0,"destination clear, reverse-bit basis XOR and index-64 sentinel alias recovered in C++"
346,0x13548c,0x1354bc,0x30,correction find-and-write wrapper,recovered,yes,27,2,preserves context/code across slot lookup then tail-calls writer
347,0x1354bc,0x135640,0x184,ordered correction-array writer,recovered,yes,1,1,null/count no-op and ascending uint16 correction writes recovered cross-ABI in C++; caller-owned flag-bit mutation remains outside this helper
348,0x135640,0x136a00,0x13c0,android marker triplet-range gate,recovered,yes,1,4,"nine-argument ABI, source copy, unconditional join, status 2/5, two lookups and cleanup order recovered in C++"
349,0x136a00,0x13716c,0x76c,string-array trailing-delimiter join,recovered,yes,1,0,two-pass allocation and byte-copy state machine recovered in C++
350,0x13716c,0x137894,0x728,protected 96-bit range lookup,recovered,yes,1,2,"32-byte boundaries, half-open intervals and final predicate recovered in C++"
351,0x137894,0x137898,0x4,word-stack allocator tail alias,recovered,yes,1,1,tail-branches to 0x138988
352,0x137898,0x13789c,0x4,word-stack push tail alias,recovered,yes,1,1,tail-branches to 0x138a70
353,0x13789c,0x1378a0,0x4,word-stack empty tail alias,recovered,yes,1,1,tail-branches to 0x138a60
354,0x1378a0,0x1378a4,0x4,word-stack pop tail alias,recovered,yes,1,1,tail-branches to 0x138b74
355,0x1378a4,0x1378a8,0x4,word-stack destructor tail alias,recovered,yes,1,1,tail-branches to 0x1390a8
356,0x1378a8,0x137980,0xd8,counter-chain allocator,recovered,yes,1,0,8-byte zeroed owner and status 2 recovered in C++
357,0x137980,0x137a78,0xf8,counter-node push,recovered,yes,1,0,16-byte node insertion and status 2 recovered in C++
358,0x137a78,0x137b64,0xec,counter-head decrement,recovered,yes,1,0,"decrement, zero unlink/free and return value recovered in C++"
359,0x137b64,0x137c38,0xd4,counter node-chain destructor,recovered,yes,1,0,recursive next-first cleanup recovered in C++
360,0x137c38,0x137d0c,0xd4,counter-chain owner destructor,recovered,yes,1,1,head chain then 8-byte owner cleanup recovered in C++
361,0x137d0c,0x137fa8,0x29c,framed word-arena allocator,recovered,yes,1,0,"128-word rounding, three allocations and status 2 cleanup recovered in C++"
362,0x137fa8,0x138318,0x370,word-arena big-endian exporter,recovered,yes,1,1,4-byte alignment status 6 and native over-allocation rule recovered in C++
363,0x138318,0x138560,0x248,framed word-arena writer,recovered,yes,2,0,128-word realloc growth and status 2 recovered in C++
364,0x138560,0x138660,0x100,word-arena frame push,recovered,yes,1,0,frame-base realloc and status 2 recovered in C++
365,0x138660,0x138728,0xc8,word-arena frame pop,recovered,yes,1,0,length rollback and underflow status 7 recovered in C++
366,0x138728,0x138744,0x1c,current word-frame length,recovered,yes,1,0,length minus current frame base recovered in C++
367,0x138744,0x138818,0xd4,framed word-arena reader,recovered,yes,2,0,capacity bound and zero fallback recovered in C++
368,0x138818,0x138988,0x170,framed word-arena destructor,recovered,yes,1,0,word/frame buffers and owner object cleanup recovered in C++
369,0x138988,0x138a60,0xd8,protected word-stack allocator,recovered,yes,2,0,16-byte zeroed stack and allocation status 2 recovered in C++
370,0x138a60,0x138a70,0x10,protected word-stack empty test,recovered,yes,1,0,returns count equals zero
371,0x138a70,0x138b74,0x104,protected word-stack push,recovered,yes,3,0,16-byte node layout and allocation status 2 recovered in C++
372,0x138b74,0x138c8c,0x118,protected word-stack pop,recovered,yes,2,0,head removal and empty status 3 recovered in C++
373,0x138c8c,0x138e58,0x1cc,word-stack indexed duplicate,recovered,yes,2,1,copies exactly one zero-based indexed word to the head; strict bound/status 4 and allocation failure recovered in C++
374,0x138e58,0x138e60,0x8,word-stack nonempty check wrapper,recovered,yes,1,1,tail-call duplicate-prefix helper with length zero
375,0x138e60,0x138fd4,0x174,word-stack top/index swap,recovered,yes,1,0,zero-based traversal and status 4 recovered in C++
376,0x138fd4,0x1390a8,0xd4,protected node-chain destructor,recovered,yes,1,0,recursive next-first free recovered in C++
377,0x1390a8,0x13917c,0xd4,protected word-stack destructor,recovered,yes,2,1,node-chain then owner cleanup recovered in C++
378,0x13917c,0x13926c,0xf0,byte descriptor allocator,recovered,yes,1,0,16-byte length/data descriptor
379,0x13926c,0x139270,0x4,descriptor free wrapper,recovered,yes,1,0,tail-calls free
380,0x139270,0x13927c,0xc,protected export byte-length reader,recovered,yes,2,1,reads frame word zero through object offset 0x28
381,0x13927c,0x1392c4,0x48,protected big-endian export wrapper,recovered,yes,1,2,offset 0x20 data arena and offset 0x28 length arena recovered in C++
382,0x1392c4,0x1393cc,0x108,0xa0-byte protected work-object destructor,recovered,yes,2,4,"four fixed members, sixteen arena lanes and cleanup order recovered in C++"
383,0x1393cc,0x1397fc,0x430,0xa0-byte protected work-object allocator,recovered,yes,1,5,"child allocation order, 0x100 arena capacity and partial cleanup recovered in C++"
384,0x139800,0x139834,0x34,acquire byte compare-exchange,recovered,yes,139,0,LSE/fallback equivalent atomic semantics recovered in C++
385,0x139834,0x1398cc,0x98,LSE atomics capability initializer,recovered,no,0,0,HWCAP bit 8 and exynos9810 blacklist recovered in C++
386,0x1398cc,0x139d04,0x438,AArch64 CPU-feature word decoder,recovered,no,1,0,"bit-62 descriptor tag, HWCAP/HWCAP2 mapping, HWCAP-bit-11 ID_AA64PFR0/PFR1/ZFR0/ISAR0/ISAR1 path, ordered intermediate global publications and final bit-58 publication recovered in pure C++; every runtime field has an explicit caller-provided presence gate"
387,0x139d04,0x139d9c,0x98,AArch64 CPU-feature constructor wrapper,recovered,no,0,1,"nonzero-global no-op, ro.arch exynos9810 prefix skip, ordered AT_HWCAP/AT_HWCAP2 reads, {24,hwcap,hwcap2} descriptor and bit-62 tagged call to 0x1398cc recovered in callback-driven C++"
